public_id,split,runtime_sec,volume_load_sec,roi_sec,inference_sec,volume_shape,roi_shape
mela_0001,train,1.9632737636566162,1.8399009704589844,0.0,0.12337279319763184,"(512, 512, 385)","(512, 512, 10)"
mela_0002,train,1.5902185440063477,1.5674488544464111,0.014869213104248047,0.007900476455688477,"(512, 512, 376)","(512, 512, 10)"
mela_0003,train,1.8224027156829834,1.7908954620361328,0.031507253646850586,0.0,"(512, 512, 429)","(512, 512, 10)"
mela_0004,train,1.9371511936187744,1.922877311706543,0.014273881912231445,0.0,"(512, 512, 453)","(512, 512, 10)"
mela_0005,train,1.8077483177185059,1.7841122150421143,0.021027565002441406,0.0026085376739501953,"(512, 512, 453)","(512, 512, 10)"
mela_0006,train,2.791074514389038,2.7597434520721436,0.03133106231689453,0.0,"(512, 512, 579)","(512, 512, 10)"
mela_0007,train,2.114861249923706,2.086111307144165,0.028749942779541016,0.0,"(512, 512, 460)","(512, 512, 10)"
mela_0008,train,2.1569485664367676,2.130424976348877,0.020104646682739258,0.006418943405151367,"(512, 512, 529)","(512, 512, 10)"
mela_0009,train,1.9207301139831543,1.883481740951538,0.03628087043762207,0.0009675025939941406,"(512, 512, 481)","(512, 512, 10)"
mela_0010,train,2.241030216217041,2.2091591358184814,0.03187108039855957,0.0,"(512, 512, 515)","(512, 512, 10)"
mela_0011,train,1.7442972660064697,1.7056195735931396,0.036739349365234375,0.0019383430480957031,"(512, 512, 429)","(512, 512, 10)"
mela_0012,train,2.05399751663208,2.0302023887634277,0.022812843322753906,0.0009822845458984375,"(512, 512, 416)","(512, 512, 10)"
mela_0013,train,2.2416558265686035,2.2139017581939697,0.02775406837463379,0.0,"(512, 512, 516)","(512, 512, 10)"
mela_0014,train,2.0792295932769775,2.025052309036255,0.05117988586425781,0.0029973983764648438,"(512, 512, 430)","(512, 512, 10)"
mela_0015,train,1.9077017307281494,1.8660547733306885,0.039646148681640625,0.0020008087158203125,"(512, 512, 296)","(512, 512, 10)"
mela_0016,train,3.045546531677246,3.026050567626953,0.017129898071289062,0.0023660659790039062,"(512, 512, 476)","(512, 512, 10)"
mela_0017,train,3.0082461833953857,2.9712157249450684,0.03703045845031738,0.0,"(512, 512, 501)","(512, 512, 10)"
mela_0018,train,1.4485185146331787,1.3854014873504639,0.06311702728271484,0.0,"(512, 512, 326)","(512, 512, 10)"
mela_0019,train,2.7915940284729004,2.765803813934326,0.020714759826660156,0.0050754547119140625,"(512, 512, 518)","(512, 512, 10)"
mela_0020,train,2.051940441131592,2.0050649642944336,0.0468754768371582,0.0,"(512, 512, 450)","(512, 512, 10)"
mela_0021,train,1.5989570617675781,1.5574262142181396,0.04153084754943848,0.0,"(512, 512, 326)","(512, 512, 10)"
mela_0022,train,2.2259163856506348,2.1859664916992188,0.037941694259643555,0.002008199691772461,"(512, 512, 403)","(512, 512, 10)"
mela_0023,train,2.127516984939575,2.1085989475250244,0.01891803741455078,0.0,"(512, 512, 433)","(512, 512, 10)"
mela_0024,train,2.645803213119507,2.5942270755767822,0.050092458724975586,0.00045013427734375,"(512, 512, 538)","(512, 512, 10)"
mela_0025,train,2.7584474086761475,2.698072671890259,0.05837535858154297,0.001999378204345703,"(512, 512, 458)","(512, 512, 10)"
mela_0026,train,2.4812171459198,2.451378345489502,0.02983880043029785,0.0,"(512, 512, 565)","(512, 512, 10)"
mela_0027,train,2.4132158756256104,2.3694722652435303,0.04173707962036133,0.00200653076171875,"(512, 512, 478)","(512, 512, 10)"
mela_0028,train,2.2863237857818604,2.237840175628662,0.04648399353027344,0.0019996166229248047,"(512, 512, 370)","(512, 512, 10)"
mela_0029,train,2.4621827602386475,2.450395107269287,0.011787652969360352,0.0,"(512, 512, 429)","(512, 512, 10)"
mela_0030,train,1.750183343887329,1.6972930431365967,0.050878047943115234,0.0020122528076171875,"(512, 512, 295)","(512, 512, 10)"
mela_0031,train,2.6601202487945557,2.6284024715423584,0.0160067081451416,0.015711069107055664,"(512, 512, 472)","(512, 512, 10)"
mela_0032,train,1.5693933963775635,1.5271220207214355,0.04227137565612793,0.0,"(512, 512, 320)","(512, 512, 10)"
mela_0033,train,2.788956642150879,2.773700714111328,0.015255928039550781,0.0,"(512, 512, 545)","(512, 512, 10)"
mela_0034,train,2.214017152786255,2.1663334369659424,0.0476837158203125,0.0,"(512, 512, 533)","(512, 512, 10)"
mela_0035,train,2.1374170780181885,2.089801788330078,0.04761528968811035,0.0,"(512, 512, 491)","(512, 512, 10)"
mela_0036,train,1.8238143920898438,1.7880933284759521,0.03371572494506836,0.002005338668823242,"(512, 512, 429)","(512, 512, 10)"
mela_0037,train,1.6096181869506836,1.593498945236206,0.01611924171447754,0.0,"(512, 512, 429)","(512, 512, 10)"
mela_0038,train,1.4310111999511719,1.4022066593170166,0.026798725128173828,0.0020058155059814453,"(512, 512, 346)","(512, 512, 10)"
mela_0039,train,1.1966357231140137,1.1805377006530762,0.0160980224609375,0.0,"(512, 512, 327)","(512, 512, 10)"
mela_0040,train,1.8030271530151367,1.78737473487854,0.01565241813659668,0.0,"(512, 512, 448)","(512, 512, 10)"
mela_0041,train,1.2234270572662354,1.2035722732543945,0.01985478401184082,0.0,"(512, 512, 299)","(512, 512, 10)"
mela_0042,train,2.3729565143585205,2.3413162231445312,0.01581120491027832,0.015829086303710938,"(512, 512, 475)","(512, 512, 10)"
mela_0043,train,0.39662957191467285,0.35845375061035156,0.03817582130432129,0.0,"(512, 512, 60)","(512, 512, 10)"
mela_0044,train,3.150240421295166,3.150240421295166,0.0,0.0,"(512, 512, 536)","(512, 512, 10)"
mela_0045,train,2.682716131210327,2.6192829608917236,0.06343317031860352,0.0,"(512, 512, 493)","(512, 512, 10)"
mela_0046,train,2.6110293865203857,2.565427780151367,0.045601606369018555,0.0,"(512, 512, 514)","(512, 512, 10)"
mela_0047,train,1.425050973892212,1.3768367767333984,0.04821419715881348,0.0,"(512, 512, 341)","(512, 512, 10)"
mela_0048,train,1.9150326251983643,1.8990106582641602,0.0160219669342041,0.0,"(512, 512, 501)","(512, 512, 10)"
mela_0049,train,1.995619297027588,1.9484963417053223,0.047122955322265625,0.0,"(512, 512, 474)","(512, 512, 10)"
mela_0050,train,2.028120756149292,1.9809589385986328,0.04716181755065918,0.0,"(512, 512, 517)","(512, 512, 10)"
mela_0051,train,1.3623275756835938,1.3147311210632324,0.04759645462036133,0.0,"(512, 512, 348)","(512, 512, 10)"
mela_0052,train,2.2201263904571533,2.2041304111480713,0.01599597930908203,0.0,"(512, 512, 499)","(512, 512, 10)"
mela_0053,train,1.752788782119751,1.6979379653930664,0.05180788040161133,0.003042936325073242,"(512, 512, 427)","(512, 512, 10)"
mela_0054,train,2.5718705654144287,2.5397133827209473,0.032157182693481445,0.0,"(512, 512, 568)","(512, 512, 10)"
mela_0055,train,1.8157086372375488,1.7678709030151367,0.04783773422241211,0.0,"(512, 512, 429)","(512, 512, 10)"
mela_0056,train,2.450119972229004,2.41282057762146,0.035301923751831055,0.0019974708557128906,"(512, 512, 475)","(512, 512, 10)"
mela_0057,train,4.112977504730225,4.041836738586426,0.06751632690429688,0.003624439239501953,"(512, 512, 549)","(512, 512, 10)"
mela_0058,train,3.5161616802215576,3.454772710800171,0.05506300926208496,0.006325960159301758,"(512, 512, 525)","(512, 512, 10)"
mela_0059,train,2.627180814743042,2.5793874263763428,0.032157182693481445,0.015636205673217773,"(512, 512, 473)","(512, 512, 10)"
mela_0060,train,1.4257917404174805,1.398012399673462,0.023610353469848633,0.004168987274169922,"(512, 512, 366)","(512, 512, 10)"
mela_0061,train,2.103900909423828,2.068054676055908,0.03584623336791992,0.0,"(512, 512, 510)","(512, 512, 10)"
mela_0062,train,2.449979782104492,2.402245044708252,0.04473376274108887,0.003000974655151367,"(512, 512, 491)","(512, 512, 10)"
mela_0063,train,2.447467803955078,2.392364263534546,0.05510354042053223,0.0,"(512, 512, 483)","(512, 512, 10)"
mela_0064,train,2.7811174392700195,2.724330425262451,0.053671836853027344,0.0031151771545410156,"(512, 512, 508)","(512, 512, 10)"
mela_0065,train,1.8649485111236572,1.819974660873413,0.04296755790710449,0.0020062923431396484,"(512, 512, 443)","(512, 512, 10)"
mela_0066,train,2.1904876232147217,2.1530280113220215,0.03154611587524414,0.005913496017456055,"(512, 512, 453)","(512, 512, 10)"
mela_0067,train,2.047288656234741,2.012937545776367,0.03186607360839844,0.002485036849975586,"(512, 512, 486)","(512, 512, 10)"
mela_0068,train,1.5697813034057617,1.527329444885254,0.040682077407836914,0.0017697811126708984,"(512, 512, 335)","(512, 512, 10)"
mela_0069,train,2.5742998123168945,2.5418078899383545,0.030490398406982422,0.002001523971557617,"(512, 512, 555)","(512, 512, 10)"
mela_0070,train,1.5743327140808105,1.5419530868530273,0.0323796272277832,0.0,"(512, 512, 306)","(512, 512, 10)"
mela_0071,train,2.8926451206207275,2.859638214111328,0.02900075912475586,0.004006147384643555,"(512, 512, 526)","(512, 512, 10)"
mela_0072,train,3.4753308296203613,3.435457706451416,0.037873029708862305,0.002000093460083008,"(512, 512, 521)","(512, 512, 10)"
mela_0073,train,2.5413568019866943,2.502624988555908,0.03873181343078613,0.0,"(512, 512, 539)","(512, 512, 10)"
mela_0074,train,1.8906846046447754,1.8437445163726807,0.04397773742675781,0.002962350845336914,"(512, 512, 429)","(512, 512, 10)"
mela_0075,train,2.390636682510376,2.3615171909332275,0.029119491577148438,0.0,"(512, 512, 491)","(512, 512, 10)"
mela_0076,train,1.4995372295379639,1.4555411338806152,0.04299640655517578,0.0009996891021728516,"(512, 512, 331)","(512, 512, 10)"
mela_0077,train,2.1975185871124268,2.1731245517730713,0.02439403533935547,0.0,"(512, 512, 535)","(512, 512, 10)"
mela_0078,train,1.9985430240631104,1.951324701309204,0.03141927719116211,0.01579904556274414,"(512, 512, 429)","(512, 512, 10)"
mela_0079,train,2.1774914264678955,2.142601490020752,0.032881736755371094,0.002008199691772461,"(512, 512, 514)","(512, 512, 10)"
mela_0080,train,2.310990333557129,2.251502752304077,0.05748343467712402,0.0020041465759277344,"(512, 512, 503)","(512, 512, 10)"
mela_0081,train,1.617393970489502,1.5610437393188477,0.054345130920410156,0.0020051002502441406,"(512, 512, 340)","(512, 512, 10)"
mela_0082,train,2.3447489738464355,2.328432083129883,0.016316890716552734,0.0,"(512, 512, 458)","(512, 512, 10)"
mela_0083,train,3.311460256576538,3.259793281555176,0.051666975021362305,0.0,"(512, 512, 528)","(512, 512, 10)"
mela_0084,train,3.48997163772583,3.417410373687744,0.06360006332397461,0.008961200714111328,"(512, 512, 501)","(512, 512, 10)"
mela_0085,train,3.1131906509399414,3.081636428833008,0.031554222106933594,0.0,"(512, 512, 512)","(512, 512, 10)"
mela_0086,train,1.8192625045776367,1.768172264099121,0.04743385314941406,0.0036563873291015625,"(512, 512, 429)","(512, 512, 10)"
mela_0087,train,1.1959924697875977,1.1646525859832764,0.03133988380432129,0.0,"(512, 512, 288)","(512, 512, 10)"
mela_0088,train,1.38437819480896,1.3682479858398438,0.014123678207397461,0.00200653076171875,"(512, 512, 351)","(512, 512, 10)"
mela_0089,train,2.0699329376220703,2.05619215965271,0.013740777969360352,0.0,"(512, 512, 473)","(512, 512, 10)"
mela_0090,train,1.6501450538635254,1.6138617992401123,0.036283254623413086,0.0,"(512, 512, 387)","(512, 512, 10)"
mela_0091,train,1.4488744735717773,1.417571783065796,0.031302690505981445,0.0,"(512, 512, 335)","(512, 512, 10)"
mela_0091,train,1.4502613544464111,1.4203286170959473,0.027928829193115234,0.002003908157348633,"(512, 512, 335)","(512, 512, 10)"
mela_0092,train,1.6748881340026855,1.6489741802215576,0.02591395378112793,0.0,"(512, 512, 379)","(512, 512, 10)"
mela_0093,train,1.8277158737182617,1.7967464923858643,0.03096938133239746,0.0,"(512, 512, 392)","(512, 512, 10)"
mela_0094,train,2.477017879486084,2.4453747272491455,0.03164315223693848,0.0,"(512, 512, 586)","(512, 512, 10)"
mela_0095,train,1.4745242595672607,1.4016220569610596,0.05726885795593262,0.015633344650268555,"(512, 512, 341)","(512, 512, 10)"
mela_0096,train,1.6786434650421143,1.6468455791473389,0.03179788589477539,0.0,"(512, 512, 349)","(512, 512, 10)"
mela_0097,train,2.642277240753174,2.6074612140655518,0.03209257125854492,0.0027234554290771484,"(512, 512, 426)","(512, 512, 10)"
mela_0098,train,0.344728946685791,0.3067202568054199,0.038008689880371094,0.0,"(512, 512, 64)","(512, 512, 10)"
mela_0099,train,1.835463047027588,1.835463047027588,0.0,0.0,"(512, 512, 429)","(512, 512, 10)"
mela_0100,train,2.0919089317321777,2.070591688156128,0.021317243576049805,0.0,"(512, 512, 451)","(512, 512, 10)"
mela_0101,train,2.130145788192749,2.0985705852508545,0.03157520294189453,0.0,"(512, 512, 469)","(512, 512, 10)"
mela_0102,train,2.1506338119506836,2.104609251022339,0.0440213680267334,0.002003192901611328,"(512, 512, 511)","(512, 512, 10)"
mela_0103,train,2.186371326446533,2.138531446456909,0.04082083702087402,0.00701904296875,"(512, 512, 555)","(512, 512, 10)"
mela_0104,train,2.479417085647583,2.43035888671875,0.04905819892883301,0.0,"(512, 512, 635)","(512, 512, 10)"
mela_0105,train,1.871544361114502,1.806706190109253,0.06283068656921387,0.0020074844360351562,"(512, 512, 485)","(512, 512, 10)"
mela_0106,train,2.004279375076294,1.972388505935669,0.031890869140625,0.0,"(512, 512, 526)","(512, 512, 10)"
mela_0107,train,2.0106263160705566,1.9765870571136475,0.03203582763671875,0.0020034313201904297,"(512, 512, 507)","(512, 512, 10)"
mela_0108,train,1.2948520183563232,1.2471942901611328,0.0317995548248291,0.015858173370361328,"(512, 512, 336)","(512, 512, 10)"
mela_0109,train,1.672541856765747,1.65726900100708,0.015272855758666992,0.0,"(512, 512, 426)","(512, 512, 10)"
mela_0110,train,5.389091968536377,5.3639817237854,0.025110244750976562,0.0,"(512, 512, 1367)","(512, 512, 10)"
mela_0111,train,2.963160276412964,2.8366246223449707,0.12653565406799316,0.0,"(512, 512, 587)","(512, 512, 10)"
mela_0112,train,1.4214675426483154,1.3899061679840088,0.03156137466430664,0.0,"(512, 512, 396)","(512, 512, 10)"
mela_0113,train,1.6324284076690674,1.5913779735565186,0.03904294967651367,0.0020074844360351562,"(512, 512, 340)","(512, 512, 10)"
mela_0114,train,1.720855712890625,1.699129581451416,0.017709732055664062,0.004016399383544922,"(512, 512, 391)","(512, 512, 10)"
mela_0115,train,1.6381032466888428,1.6065034866333008,0.03159976005554199,0.0,"(512, 512, 365)","(512, 512, 10)"
mela_0116,train,1.9266207218170166,1.9179682731628418,0.008652448654174805,0.0,"(512, 512, 511)","(512, 512, 10)"
mela_0117,train,0.8966622352600098,0.8649642467498779,0.031697988510131836,0.0,"(512, 512, 246)","(512, 512, 10)"
mela_0118,train,1.0226459503173828,1.0088615417480469,0.011777639389038086,0.0020067691802978516,"(512, 512, 261)","(512, 512, 10)"
mela_0119,train,1.6124567985534668,1.5963904857635498,0.0,0.016066312789916992,"(512, 512, 427)","(512, 512, 10)"
mela_0120,train,0.2363884449005127,0.2166156768798828,0.017770051956176758,0.002002716064453125,"(512, 512, 60)","(512, 512, 10)"
mela_0121,train,2.253700017929077,2.2496838569641113,0.00401616096496582,0.0,"(512, 512, 528)","(512, 512, 10)"
mela_0122,train,2.0428683757781982,2.011192560195923,0.03167581558227539,0.0,"(512, 512, 546)","(512, 512, 10)"
mela_0123,train,1.2573137283325195,1.2097368240356445,0.03189730644226074,0.015679597854614258,"(512, 512, 325)","(512, 512, 10)"
mela_0124,train,1.6370842456817627,1.6212413311004639,0.015842914581298828,0.0,"(512, 512, 429)","(512, 512, 10)"
mela_0125,train,1.1888699531555176,1.156989574432373,0.016076087951660156,0.015804290771484375,"(512, 512, 295)","(512, 512, 10)"
mela_0126,train,1.8581275939941406,1.8430140018463135,0.0,0.015113592147827148,"(512, 512, 488)","(512, 512, 10)"
mela_0127,train,1.9910576343536377,1.9593684673309326,0.03168916702270508,0.0,"(512, 512, 508)","(512, 512, 10)"
mela_0128,train,1.3272027969360352,1.2796900272369385,0.04751276969909668,0.0,"(512, 512, 331)","(512, 512, 10)"
mela_0129,train,2.013418197631836,1.9954898357391357,0.002877473831176758,0.015050888061523438,"(512, 512, 483)","(512, 512, 10)"
mela_0130,train,1.8920865058898926,1.876117467880249,0.015969038009643555,0.0,"(512, 512, 440)","(512, 512, 10)"
mela_0131,train,1.8848521709442139,1.8531765937805176,0.03167557716369629,0.0,"(512, 512, 429)","(512, 512, 10)"
mela_0132,train,2.424450159072876,2.3932666778564453,0.029444456100463867,0.0017390251159667969,"(512, 512, 551)","(512, 512, 10)"
mela_0133,train,2.27714467048645,2.2205610275268555,0.044936180114746094,0.011647462844848633,"(512, 512, 522)","(512, 512, 10)"
mela_0134,train,1.7034151554107666,1.6716842651367188,0.03173089027404785,0.0,"(512, 512, 429)","(512, 512, 10)"
mela_0135,train,1.7724523544311523,1.740931510925293,0.01575613021850586,0.015764713287353516,"(512, 512, 448)","(512, 512, 10)"
mela_0136,train,1.5403552055358887,1.5293326377868652,0.011022567749023438,0.0,"(512, 512, 410)","(512, 512, 10)"
mela_0137,train,1.8431284427642822,1.8113770484924316,0.031751394271850586,0.0,"(512, 512, 485)","(512, 512, 10)"
mela_0138,train,1.9061806201934814,1.8742542266845703,0.03192639350891113,0.0,"(512, 512, 483)","(512, 512, 10)"
mela_0139,train,1.8398826122283936,1.7950193881988525,0.04335379600524902,0.0015094280242919922,"(512, 512, 487)","(512, 512, 10)"
mela_0140,train,2.0223710536956787,1.982494592666626,0.0378725528717041,0.002003908157348633,"(512, 512, 518)","(512, 512, 10)"
mela_0141,train,1.5824851989746094,1.5347669124603271,0.04771828651428223,0.0,"(512, 512, 429)","(512, 512, 10)"
mela_0142,train,2.0886974334716797,2.0565600395202637,0.032137393951416016,0.0,"(512, 512, 542)","(512, 512, 10)"
mela_0143,train,1.911548137664795,1.8643155097961426,0.047232627868652344,0.0,"(512, 512, 486)","(512, 512, 10)"
mela_0144,train,1.7471275329589844,1.715836524963379,0.03129100799560547,0.0,"(512, 512, 445)","(512, 512, 10)"
mela_0145,train,1.8118252754211426,1.7839689254760742,0.02585005760192871,0.0020062923431396484,"(512, 512, 451)","(512, 512, 10)"
mela_0146,train,2.0736050605773926,2.0423965454101562,0.031208515167236328,0.0,"(512, 512, 455)","(512, 512, 10)"
mela_0147,train,2.530470371246338,2.48152494430542,0.04894542694091797,0.0,"(512, 512, 559)","(512, 512, 10)"
mela_0148,train,2.100144386291504,2.048402786254883,0.04973483085632324,0.0020067691802978516,"(512, 512, 461)","(512, 512, 10)"
mela_0149,train,2.1990201473236084,2.1693227291107178,0.029697418212890625,0.0,"(512, 512, 501)","(512, 512, 10)"
mela_0150,train,1.6991729736328125,1.655440330505371,0.041728973388671875,0.0020036697387695312,"(512, 512, 452)","(512, 512, 10)"
mela_0151,train,1.5932912826538086,1.5615670680999756,0.03172421455383301,0.0,"(512, 512, 429)","(512, 512, 10)"
mela_0152,train,1.1222715377807617,1.0865769386291504,0.03369021415710449,0.002004384994506836,"(512, 512, 296)","(512, 512, 10)"
mela_0153,train,1.547006368637085,1.5365886688232422,0.010417699813842773,0.0,"(512, 512, 408)","(512, 512, 10)"
mela_0154,train,1.3219568729400635,1.290295124053955,0.0316617488861084,0.0,"(512, 512, 349)","(512, 512, 10)"
mela_0155,train,1.9659724235534668,1.9340028762817383,0.02996516227722168,0.002004384994506836,"(512, 512, 436)","(512, 512, 10)"
mela_0156,train,2.1172852516174316,2.083690643310547,0.033594608306884766,0.0,"(512, 512, 535)","(512, 512, 10)"
mela_0157,train,2.263314723968506,2.2316174507141113,0.03169727325439453,0.0,"(512, 512, 561)","(512, 512, 10)"
mela_0158,train,2.3074724674224854,2.254207134246826,0.052254438400268555,0.001010894775390625,"(512, 512, 491)","(512, 512, 10)"
mela_0159,train,1.7679686546325684,1.7363131046295166,0.03165555000305176,0.0,"(512, 512, 461)","(512, 512, 10)"
mela_0160,train,1.2607331275939941,1.2293078899383545,0.03142523765563965,0.0,"(512, 512, 296)","(512, 512, 10)"
mela_0161,train,1.2323722839355469,1.2171788215637207,0.010495662689208984,0.0046977996826171875,"(512, 512, 335)","(512, 512, 10)"
mela_0162,train,1.5044713020324707,1.4729924201965332,0.015690326690673828,0.015788555145263672,"(512, 512, 341)","(512, 512, 10)"
mela_0163,train,2.0317564010620117,2.015902042388916,0.015854358673095703,0.0,"(512, 512, 469)","(512, 512, 10)"
mela_0164,train,2.165078639984131,2.127784490585327,0.03729414939880371,0.0,"(512, 512, 475)","(512, 512, 10)"
mela_0165,train,2.0885698795318604,2.0593390464782715,0.029230833053588867,0.0,"(512, 512, 449)","(512, 512, 10)"
mela_0166,train,2.086047649383545,2.066683530807495,0.019364118576049805,0.0,"(512, 512, 498)","(512, 512, 10)"
mela_0167,train,1.642345905303955,1.6067776679992676,0.03356313705444336,0.0020051002502441406,"(512, 512, 429)","(512, 512, 10)"
mela_0168,train,1.6260240077972412,1.6099812984466553,0.016042709350585938,0.0,"(512, 512, 435)","(512, 512, 10)"
mela_0169,train,1.6791062355041504,1.6582896709442139,0.020816564559936523,0.0,"(512, 512, 429)","(512, 512, 10)"
mela_0170,train,1.5726313591003418,1.538855791091919,0.031775474548339844,0.002000093460083008,"(512, 512, 409)","(512, 512, 10)"
mela_0171,train,1.7724668979644775,1.7568273544311523,0.015639543533325195,0.0,"(512, 512, 451)","(512, 512, 10)"
mela_0172,train,1.3128383159637451,1.274064064025879,0.03677058219909668,0.0020036697387695312,"(512, 512, 341)","(512, 512, 10)"
mela_0173,train,2.052964687347412,2.0368893146514893,0.01607537269592285,0.0,"(512, 512, 533)","(512, 512, 10)"
mela_0174,train,1.2498383522033691,1.2075350284576416,0.04230332374572754,0.0,"(512, 512, 292)","(512, 512, 10)"
mela_0175,train,1.3715951442718506,1.3557796478271484,0.01581549644470215,0.0,"(512, 512, 370)","(512, 512, 10)"
mela_0176,train,1.6918296813964844,1.674891471862793,0.016938209533691406,0.0,"(512, 512, 438)","(512, 512, 10)"
mela_0177,train,1.6437833309173584,1.6170692443847656,0.026714086532592773,0.0,"(512, 512, 429)","(512, 512, 10)"
mela_0178,train,1.1868224143981934,1.1551275253295898,0.031694889068603516,0.0,"(512, 512, 306)","(512, 512, 10)"
mela_0179,train,2.0884454250335693,2.063222885131836,0.0252225399017334,0.0,"(512, 512, 493)","(512, 512, 10)"
mela_0180,train,2.322593927383423,2.283102035522461,0.037484169006347656,0.002007722854614258,"(512, 512, 473)","(512, 512, 10)"
mela_0181,train,1.2892038822174072,1.2480924129486084,0.04111146926879883,0.0,"(512, 512, 296)","(512, 512, 10)"
mela_0182,train,1.9723327159881592,1.9566915035247803,0.015641212463378906,0.0,"(512, 512, 456)","(512, 512, 10)"
mela_0183,train,1.9639227390289307,1.941584587097168,0.022338151931762695,0.0,"(512, 512, 429)","(512, 512, 10)"
mela_0184,train,1.7811601161956787,1.7346220016479492,0.04453468322753906,0.0020034313201904297,"(512, 512, 429)","(512, 512, 10)"
mela_0185,train,2.072179079055786,2.036255359649658,0.03391909599304199,0.0020046234130859375,"(512, 512, 535)","(512, 512, 10)"
mela_0186,train,1.8909947872161865,1.842893362045288,0.04810142517089844,0.0,"(512, 512, 491)","(512, 512, 10)"
mela_0187,train,1.9368226528167725,1.905036449432373,0.031786203384399414,0.0,"(512, 512, 488)","(512, 512, 10)"
mela_0188,train,1.817244291305542,1.7908904552459717,0.026353836059570312,0.0,"(512, 512, 466)","(512, 512, 10)"
mela_0189,train,1.5480642318725586,1.5164752006530762,0.03158903121948242,0.0,"(512, 512, 403)","(512, 512, 10)"
mela_0190,train,1.4876294136047363,1.4726178646087646,0.01501154899597168,0.0,"(512, 512, 383)","(512, 512, 10)"
mela_0191,train,2.1493964195251465,2.1333577632904053,0.01603865623474121,0.0,"(512, 512, 553)","(512, 512, 10)"
mela_0192,train,2.0393550395965576,1.9986329078674316,0.04072213172912598,0.0,"(512, 512, 505)","(512, 512, 10)"
mela_0193,train,1.9437346458435059,1.911956548690796,0.03177809715270996,0.0,"(512, 512, 499)","(512, 512, 10)"
mela_0194,train,1.8693206310272217,1.831230640411377,0.03608417510986328,0.0020058155059814453,"(512, 512, 429)","(512, 512, 10)"
mela_0195,train,2.4397265911102295,2.407707452774048,0.03201913833618164,0.0,"(512, 512, 505)","(512, 512, 10)"
mela_0196,train,2.2323975563049316,2.1882095336914062,0.04218173027038574,0.0020062923431396484,"(512, 512, 501)","(512, 512, 10)"
mela_0197,train,2.5198495388031006,2.4727814197540283,0.045061349868774414,0.0020067691802978516,"(512, 512, 605)","(512, 512, 10)"
mela_0198,train,1.915147066116333,1.8674352169036865,0.047711849212646484,0.0,"(512, 512, 429)","(512, 512, 10)"
mela_0199,train,2.2005455493927,2.1705777645111084,0.02796196937561035,0.0020058155059814453,"(512, 512, 458)","(512, 512, 10)"
mela_0200,train,1.8384580612182617,1.806549310684204,0.03190875053405762,0.0,"(512, 512, 465)","(512, 512, 10)"
mela_0201,train,1.6649634838104248,1.6332066059112549,0.03175687789916992,0.0,"(512, 512, 429)","(512, 512, 10)"
mela_0202,train,1.6130850315093994,1.5813078880310059,0.031777143478393555,0.0,"(512, 512, 429)","(512, 512, 10)"
mela_0203,train,1.9052984714508057,1.8737399578094482,0.03155851364135742,0.0,"(512, 512, 503)","(512, 512, 10)"
mela_0204,train,0.22560954093933105,0.17866921424865723,0.04694032669067383,0.0,"(512, 512, 46)","(512, 512, 8)"
mela_0205,train,1.8834095001220703,1.8834095001220703,0.0,0.0,"(512, 512, 500)","(512, 512, 10)"
mela_0206,train,1.77915620803833,1.7468886375427246,0.030263662338256836,0.002003908157348633,"(512, 512, 429)","(512, 512, 10)"
mela_0207,train,1.3592660427093506,1.3276417255401611,0.03162431716918945,0.0,"(512, 512, 346)","(512, 512, 10)"
mela_0208,train,1.8170361518859863,1.7942707538604736,0.007066488265991211,0.015698909759521484,"(512, 512, 442)","(512, 512, 10)"
mela_0209,train,1.8902933597564697,1.848470687866211,0.039817094802856445,0.0020055770874023438,"(512, 512, 498)","(512, 512, 10)"
mela_0210,train,2.1302857398986816,2.0987749099731445,0.03151082992553711,0.0,"(512, 512, 535)","(512, 512, 10)"
mela_0211,train,2.086768388748169,2.047645330429077,0.0391230583190918,0.0,"(512, 512, 488)","(512, 512, 10)"
mela_0212,train,1.7973823547363281,1.7629115581512451,0.03246331214904785,0.0020074844360351562,"(512, 512, 402)","(512, 512, 10)"
mela_0212,train,1.7023289203643799,1.6702771186828613,0.032051801681518555,0.0,"(512, 512, 402)","(512, 512, 10)"
mela_0213,train,1.8977689743041992,1.8820712566375732,0.015697717666625977,0.0,"(512, 512, 429)","(512, 512, 10)"
mela_0214,train,2.302692174911499,2.2708945274353027,0.03179764747619629,0.0,"(512, 512, 518)","(512, 512, 10)"
mela_0215,train,2.06949782371521,2.0253984928131104,0.04210186004638672,0.0019974708557128906,"(512, 512, 482)","(512, 512, 10)"
mela_0216,train,1.6515700817108154,1.6200568675994873,0.031513214111328125,0.0,"(512, 512, 426)","(512, 512, 10)"
mela_0217,train,1.0466396808624268,1.0147109031677246,0.03192877769470215,0.0,"(512, 512, 271)","(512, 512, 10)"
mela_0218,train,2.1007025241851807,2.0849814414978027,0.0,0.01572108268737793,"(512, 512, 523)","(512, 512, 10)"
mela_0219,train,1.6372928619384766,1.605654239654541,0.03163862228393555,0.0,"(512, 512, 429)","(512, 512, 10)"
mela_0220,train,1.155297040939331,1.1096043586730957,0.04368877410888672,0.002003908157348633,"(512, 512, 299)","(512, 512, 10)"
mela_0221,train,2.370572090148926,2.354578733444214,0.015993356704711914,0.0,"(512, 512, 639)","(512, 512, 10)"
mela_0222,train,1.8621184825897217,1.806671142578125,0.05544734001159668,0.0,"(512, 512, 478)","(512, 512, 10)"
mela_0223,train,1.0014219284057617,0.9591631889343262,0.04225873947143555,0.0,"(512, 512, 255)","(512, 512, 10)"
mela_0224,train,1.976438045501709,1.960580587387085,0.015857458114624023,0.0,"(512, 512, 495)","(512, 512, 10)"
mela_0225,train,1.8866465091705322,1.8552734851837158,0.01570272445678711,0.015670299530029297,"(512, 512, 502)","(512, 512, 10)"
mela_0226,train,1.3583204746246338,1.32749342918396,0.030827045440673828,0.0,"(512, 512, 348)","(512, 512, 10)"
mela_0227,train,1.751727819442749,1.7318673133850098,0.017849206924438477,0.0020112991333007812,"(512, 512, 429)","(512, 512, 10)"
mela_0228,train,2.3133082389831543,2.2840569019317627,0.02724456787109375,0.0020067691802978516,"(512, 512, 529)","(512, 512, 10)"
mela_0229,train,2.8040390014648438,2.740661859512329,0.06136751174926758,0.0020096302032470703,"(512, 512, 568)","(512, 512, 10)"
mela_0230,train,2.5073366165161133,2.4347546100616455,0.06596827507019043,0.006613731384277344,"(512, 512, 429)","(512, 512, 10)"
mela_0231,train,2.69944429397583,2.6536169052124023,0.030000925064086914,0.01582646369934082,"(512, 512, 458)","(512, 512, 10)"
mela_0232,train,2.2587358951568604,2.195254325866699,0.06147122383117676,0.002010345458984375,"(512, 512, 449)","(512, 512, 10)"
mela_0233,train,1.5433924198150635,1.5013103485107422,0.04208207130432129,0.0,"(512, 512, 295)","(512, 512, 10)"
mela_0234,train,3.2199745178222656,3.20424222946167,0.015732288360595703,0.0,"(512, 512, 429)","(512, 512, 10)"
mela_0235,train,2.8330752849578857,2.8013179302215576,0.031757354736328125,0.0,"(512, 512, 476)","(512, 512, 10)"
mela_0236,train,4.07416844367981,4.012402057647705,0.06176638603210449,0.0,"(512, 512, 648)","(512, 512, 10)"
mela_0237,train,2.282119035720825,2.2225451469421387,0.05756855010986328,0.002005338668823242,"(512, 512, 453)","(512, 512, 10)"
mela_0238,train,2.293602228164673,2.261723041534424,0.03187918663024902,0.0,"(512, 512, 527)","(512, 512, 10)"
mela_0239,train,1.8630180358886719,1.8232698440551758,0.03774142265319824,0.0020067691802978516,"(512, 512, 429)","(512, 512, 10)"
mela_0240,train,1.6899621486663818,1.6516907215118408,0.036263227462768555,0.002008199691772461,"(512, 512, 330)","(512, 512, 10)"
mela_0241,train,1.5703814029693604,1.5529444217681885,0.01598644256591797,0.0014505386352539062,"(512, 512, 296)","(512, 512, 10)"
mela_0242,train,2.1388049125671387,2.1231284141540527,0.015676498413085938,0.0,"(512, 512, 491)","(512, 512, 10)"
mela_0243,train,2.375446319580078,2.3278465270996094,0.04458141326904297,0.0030183792114257812,"(512, 512, 501)","(512, 512, 10)"
mela_0244,train,1.8162741661071777,1.7684857845306396,0.047788381576538086,0.0,"(512, 512, 429)","(512, 512, 10)"
mela_0245,train,2.213310480117798,2.1727354526519775,0.04057502746582031,0.0,"(512, 512, 596)","(512, 512, 10)"
mela_0246,train,2.1062748432159424,2.0730197429656982,0.03325510025024414,0.0,"(512, 512, 510)","(512, 512, 10)"
mela_0247,train,1.8105077743530273,1.770348072052002,0.04015970230102539,0.0,"(512, 512, 482)","(512, 512, 10)"
mela_0248,train,2.2419192790985107,2.2234160900115967,0.018503189086914062,0.0,"(512, 512, 579)","(512, 512, 10)"
mela_0249,train,1.7419867515563965,1.6942033767700195,0.04778337478637695,0.0,"(512, 512, 451)","(512, 512, 10)"
mela_0250,train,1.3277363777160645,1.2863295078277588,0.026409387588500977,0.014997482299804688,"(512, 512, 320)","(512, 512, 10)"
mela_0251,train,1.4254977703094482,1.4096755981445312,0.015822172164916992,0.0,"(512, 512, 366)","(512, 512, 10)"
mela_0252,train,2.2024781703948975,2.174909830093384,0.025562763214111328,0.0020055770874023438,"(512, 512, 543)","(512, 512, 10)"
mela_0253,train,2.008552074432373,1.9767754077911377,0.03177666664123535,0.0,"(512, 512, 495)","(512, 512, 10)"
mela_0254,train,2.5399842262268066,2.5078978538513184,0.03208637237548828,0.0,"(512, 512, 543)","(512, 512, 10)"
mela_0255,train,2.322131395339966,2.2744734287261963,0.04765796661376953,0.0,"(512, 512, 519)","(512, 512, 10)"
mela_0256,train,1.4542758464813232,1.4169058799743652,0.03736996650695801,0.0,"(512, 512, 320)","(512, 512, 10)"
mela_0257,train,2.3522088527679443,2.337277412414551,0.014931440353393555,0.0,"(512, 512, 512)","(512, 512, 10)"
mela_0258,train,2.1923775672912598,2.1408298015594482,0.05154776573181152,0.0,"(512, 512, 429)","(512, 512, 10)"
mela_0259,train,1.7568283081054688,1.7253084182739258,0.03151988983154297,0.0,"(512, 512, 429)","(512, 512, 10)"
mela_0260,train,2.2023651599884033,2.170705556869507,0.031659603118896484,0.0,"(512, 512, 543)","(512, 512, 10)"
mela_0771,val,1.2141518592834473,1.161116361618042,0.05303549766540527,0.0,"(512, 512, 320)","(512, 512, 10)"
mela_0772,val,1.5052590370178223,1.495490550994873,0.009768486022949219,0.0,"(512, 512, 395)","(512, 512, 10)"
mela_0773,val,1.703401803970337,1.666593074798584,0.03680872917175293,0.0,"(512, 512, 429)","(512, 512, 10)"
mela_0774,val,1.9672629833221436,1.9355816841125488,0.03168129920959473,0.0,"(512, 512, 505)","(512, 512, 10)"
mela_0775,val,1.2564997673034668,1.2246265411376953,0.031873226165771484,0.0,"(512, 512, 320)","(512, 512, 10)"
mela_0776,val,1.9713134765625,1.9535181522369385,0.015788555145263672,0.0020067691802978516,"(512, 512, 514)","(512, 512, 10)"
mela_0777,val,1.647505760192871,1.6096994876861572,0.03780627250671387,0.0,"(512, 512, 429)","(512, 512, 10)"
mela_0778,val,1.4241211414337158,1.392331838607788,0.031789302825927734,0.0,"(512, 512, 377)","(512, 512, 10)"
mela_0779,val,1.8877594470977783,1.871917724609375,0.01584172248840332,0.0,"(512, 512, 512)","(512, 512, 10)"
mela_0780,val,1.8330905437469482,1.785853385925293,0.04723715782165527,0.0,"(512, 512, 470)","(512, 512, 10)"
mela_0781,val,2.147254705429077,2.105792999267578,0.02568531036376953,0.015776395797729492,"(512, 512, 509)","(512, 512, 10)"
mela_0782,val,1.4039239883422852,1.3675105571746826,0.03641343116760254,0.0,"(512, 512, 296)","(512, 512, 10)"
mela_0783,val,2.3030362129211426,2.2832305431365967,0.017800092697143555,0.0020055770874023438,"(512, 512, 525)","(512, 512, 10)"
mela_0784,val,2.3591468334198,2.3101842403411865,0.04695630073547363,0.0020062923431396484,"(512, 512, 515)","(512, 512, 10)"
mela_0785,val,1.3290719985961914,1.2855052947998047,0.04356670379638672,0.0,"(512, 512, 296)","(512, 512, 10)"
mela_0786,val,1.3819489479064941,1.364893913269043,0.013043642044067383,0.002005338668823242,"(512, 512, 320)","(512, 512, 10)"
mela_0787,val,1.4954924583435059,1.479706048965454,0.01378011703491211,0.0020062923431396484,"(512, 512, 388)","(512, 512, 10)"
mela_0788,val,1.8231136798858643,1.8073744773864746,0.01573920249938965,0.0,"(512, 512, 469)","(512, 512, 10)"
mela_0789,val,1.595914363861084,1.5645766258239746,0.031337738037109375,0.0,"(512, 512, 410)","(512, 512, 10)"
mela_0790,val,1.046057939529419,1.0069825649261475,0.03707170486450195,0.0020036697387695312,"(512, 512, 287)","(512, 512, 10)"
mela_0791,val,1.825087547302246,1.8201813697814941,0.004906177520751953,0.0,"(512, 512, 469)","(512, 512, 10)"
mela_0792,val,1.596405029296875,1.5515153408050537,0.03165793418884277,0.013231754302978516,"(512, 512, 399)","(512, 512, 10)"
mela_0793,val,1.150383710861206,1.1189095973968506,0.015748023986816406,0.015726089477539062,"(512, 512, 315)","(512, 512, 10)"
mela_0794,val,1.7872138023376465,1.772568941116333,0.014644861221313477,0.0,"(512, 512, 466)","(512, 512, 10)"
mela_0795,val,1.942129373550415,1.8945238590240479,0.031917572021484375,0.015687942504882812,"(512, 512, 490)","(512, 512, 10)"
mela_0796,val,0.26255035400390625,0.21551132202148438,0.047039031982421875,0.0,"(512, 512, 57)","(512, 512, 10)"
mela_0797,val,2.295231819152832,2.295231819152832,0.0,0.0,"(512, 512, 539)","(512, 512, 10)"
mela_0798,val,1.6996569633483887,1.6836307048797607,0.01602625846862793,0.0,"(512, 512, 429)","(512, 512, 10)"
mela_0799,val,1.685237169265747,1.6597626209259033,0.02547454833984375,0.0,"(512, 512, 457)","(512, 512, 10)"
mela_0800,val,1.8087639808654785,1.7827625274658203,0.026001453399658203,0.0,"(512, 512, 401)","(512, 512, 10)"
mela_0801,val,1.2891619205474854,1.2696492671966553,0.019512653350830078,0.0,"(512, 512, 297)","(512, 512, 10)"
mela_0802,val,2.353827476501465,2.3357088565826416,0.018118619918823242,0.0,"(512, 512, 537)","(512, 512, 10)"
mela_0803,val,2.1767191886901855,2.1285743713378906,0.04770302772521973,0.0004417896270751953,"(512, 512, 485)","(512, 512, 10)"
mela_0804,val,2.145272970199585,2.116645336151123,0.028627634048461914,0.0,"(512, 512, 481)","(512, 512, 10)"
mela_0805,val,0.8756394386291504,0.8122425079345703,0.031537532806396484,0.031859397888183594,"(768, 768, 101)","(768, 768, 0)"
mela_0806,val,1.9334473609924316,1.9204204082489014,0.011024236679077148,0.002002716064453125,"(512, 512, 429)","(512, 512, 10)"
mela_0807,val,1.6540372371673584,1.6282222270965576,0.023810148239135742,0.002004861831665039,"(512, 512, 433)","(512, 512, 10)"
mela_0808,val,2.1077260971069336,2.077343702316284,0.030382394790649414,0.0,"(512, 512, 550)","(512, 512, 10)"
mela_0809,val,1.7018685340881348,1.6522040367126465,0.04765892028808594,0.0020055770874023438,"(512, 512, 429)","(512, 512, 10)"
mela_0810,val,1.6550817489624023,1.6234791278839111,0.03160262107849121,0.0,"(512, 512, 420)","(512, 512, 10)"
mela_0811,val,2.0043087005615234,1.9883716106414795,0.015937089920043945,0.0,"(512, 512, 516)","(512, 512, 10)"
mela_0812,val,1.247283935546875,1.2049086093902588,0.04137563705444336,0.0009996891021728516,"(512, 512, 320)","(512, 512, 10)"
mela_0813,val,1.8975591659545898,1.881892204284668,0.015666961669921875,0.0,"(512, 512, 498)","(512, 512, 10)"
mela_0814,val,1.672422170639038,1.6507883071899414,0.02163386344909668,0.0,"(512, 512, 429)","(512, 512, 10)"
mela_0815,val,1.9737548828125,1.9260952472686768,0.04213976860046387,0.005519866943359375,"(512, 512, 505)","(512, 512, 10)"
mela_0816,val,1.7235970497131348,1.6914689540863037,0.032128095626831055,0.0,"(512, 512, 429)","(512, 512, 10)"
mela_0817,val,2.0228822231292725,2.0006158351898193,0.022266387939453125,0.0,"(512, 512, 465)","(512, 512, 10)"
mela_0818,val,1.4446606636047363,1.4152278900146484,0.02943277359008789,0.0,"(512, 512, 320)","(512, 512, 10)"
mela_0819,val,2.735206365585327,2.714996337890625,0.01820230484008789,0.002007722854614258,"(512, 512, 621)","(512, 512, 10)"
mela_0820,val,0.3135230541229248,0.2650482654571533,0.048474788665771484,0.0,"(512, 512, 60)","(512, 512, 10)"
mela_0821,val,2.0722954273223877,2.0686323642730713,0.0036630630493164062,0.0,"(512, 512, 463)","(512, 512, 10)"
mela_0822,val,1.7149198055267334,1.6829981803894043,0.0319216251373291,0.0,"(512, 512, 378)","(512, 512, 10)"
mela_0823,val,1.4424269199371338,1.4092254638671875,0.03202939033508301,0.0011720657348632812,"(512, 512, 376)","(512, 512, 10)"
mela_0824,val,1.7346816062927246,1.7236545085906982,0.011027097702026367,0.0,"(512, 512, 429)","(512, 512, 10)"
mela_0825,val,1.3832268714904785,1.3514811992645264,0.03174567222595215,0.0,"(512, 512, 351)","(512, 512, 10)"
mela_0826,val,2.113971710205078,2.0821049213409424,0.03186678886413574,0.0,"(512, 512, 556)","(512, 512, 10)"
mela_0827,val,1.7994332313537598,1.7519800662994385,0.04745316505432129,0.0,"(512, 512, 429)","(512, 512, 10)"
mela_0828,val,2.0472843647003174,2.0156126022338867,0.031671762466430664,0.0,"(512, 512, 473)","(512, 512, 10)"
mela_0829,val,1.1338443756103516,1.1001179218292236,0.03372645378112793,0.0,"(512, 512, 291)","(512, 512, 10)"
mela_0830,val,1.374471664428711,1.3544471263885498,0.018018484115600586,0.002006053924560547,"(512, 512, 334)","(512, 512, 10)"
mela_0831,val,2.0103282928466797,2.0058493614196777,0.004478931427001953,0.0,"(512, 512, 516)","(512, 512, 10)"
mela_0832,val,1.8194563388824463,1.768064260482788,0.0513920783996582,0.0,"(512, 512, 456)","(512, 512, 10)"
mela_0833,val,1.9003269672393799,1.8585717678070068,0.039750099182128906,0.0020051002502441406,"(512, 512, 473)","(512, 512, 10)"
mela_0834,val,2.5330395698547363,2.5015652179718018,0.03147435188293457,0.0,"(512, 512, 574)","(512, 512, 10)"
mela_0835,val,2.10010027885437,2.0370450019836426,0.06305527687072754,0.0,"(512, 512, 482)","(512, 512, 10)"
mela_0836,val,2.2608354091644287,2.221045970916748,0.03778219223022461,0.0020072460174560547,"(512, 512, 508)","(512, 512, 10)"
mela_0837,val,1.8606154918670654,1.8210265636444092,0.023812055587768555,0.015776872634887695,"(512, 512, 421)","(512, 512, 10)"
mela_0838,val,1.9233975410461426,1.891007900238037,0.03238964080810547,0.0,"(512, 512, 471)","(512, 512, 10)"
mela_0839,val,1.8377110958099365,1.805629014968872,0.03208208084106445,0.0,"(512, 512, 492)","(512, 512, 10)"
mela_0840,val,1.2849962711334229,1.2530627250671387,0.03193354606628418,0.0,"(512, 512, 335)","(512, 512, 10)"
mela_0841,val,1.9259612560272217,1.9102709293365479,0.015690326690673828,0.0,"(512, 512, 500)","(512, 512, 10)"
mela_0842,val,2.030001401901245,1.998133897781372,0.03186750411987305,0.0,"(512, 512, 526)","(512, 512, 10)"
mela_0843,val,1.6519675254821777,1.6043379306793213,0.04298758506774902,0.004642009735107422,"(512, 512, 415)","(512, 512, 10)"
mela_0844,val,5.367919921875,5.3520660400390625,0.0158538818359375,0.0,"(512, 512, 1367)","(512, 512, 10)"
mela_0845,val,1.9925506114959717,1.881488561630249,0.11106204986572266,0.0,"(512, 512, 475)","(512, 512, 10)"
mela_0846,val,1.8642261028289795,1.839571237564087,0.02379751205444336,0.0008573532104492188,"(512, 512, 426)","(512, 512, 10)"
mela_0847,val,2.245539426803589,2.220397710800171,0.02514171600341797,0.0,"(512, 512, 526)","(512, 512, 10)"
mela_0848,val,1.3871891498565674,1.352792739868164,0.03439640998840332,0.0,"(512, 512, 316)","(512, 512, 10)"
mela_0849,val,2.1275055408477783,2.0956342220306396,0.020247697830200195,0.011623620986938477,"(512, 512, 471)","(512, 512, 10)"
mela_0850,val,1.9045383930206299,1.8807594776153564,0.023778915405273438,0.0,"(512, 512, 429)","(512, 512, 10)"
mela_0851,val,2.1630520820617676,2.1315815448760986,0.031470537185668945,0.0,"(512, 512, 493)","(512, 512, 10)"
mela_0852,val,1.8024542331695557,1.786445140838623,0.016009092330932617,0.0,"(512, 512, 429)","(512, 512, 10)"
mela_0853,val,1.2756552696228027,1.2599024772644043,0.015752792358398438,0.0,"(512, 512, 340)","(512, 512, 10)"
mela_0854,val,2.029017686843872,2.0117721557617188,0.01724553108215332,0.0,"(512, 512, 563)","(512, 512, 10)"
mela_0855,val,2.5539190769195557,2.522155523300171,0.031763553619384766,0.0,"(512, 512, 663)","(512, 512, 10)"
mela_0856,val,1.5449814796447754,1.4971895217895508,0.04779195785522461,0.0,"(512, 512, 383)","(512, 512, 10)"
mela_0857,val,1.9903357028961182,1.974506139755249,0.01582956314086914,0.0,"(512, 512, 522)","(512, 512, 10)"
mela_0858,val,1.7069463729858398,1.675316333770752,0.03163003921508789,0.0,"(512, 512, 442)","(512, 512, 10)"
mela_0859,val,1.594552993774414,1.5588335990905762,0.03371310234069824,0.0020062923431396484,"(512, 512, 429)","(512, 512, 10)"
mela_0860,val,1.5027732849121094,1.471325397491455,0.015731096267700195,0.0157167911529541,"(512, 512, 393)","(512, 512, 10)"
mela_0861,val,1.1945836544036865,1.1695060729980469,0.023072242736816406,0.002005338668823242,"(512, 512, 295)","(512, 512, 10)"
mela_0862,val,1.7213692665100098,1.7056822776794434,0.015686988830566406,0.0,"(512, 512, 441)","(512, 512, 10)"
mela_0863,val,1.3464462757110596,1.3147728443145752,0.031673431396484375,0.0,"(512, 512, 351)","(512, 512, 10)"
mela_0864,val,1.761190414428711,1.7324016094207764,0.02678203582763672,0.0020067691802978516,"(512, 512, 427)","(512, 512, 10)"
mela_0865,val,2.3060033321380615,2.2749791145324707,0.03102421760559082,0.0,"(512, 512, 492)","(512, 512, 10)"
mela_0866,val,1.9780018329620361,1.9290027618408203,0.04899907112121582,0.0,"(512, 512, 429)","(512, 512, 10)"
mela_0867,val,1.5704710483551025,1.5518505573272705,0.01862049102783203,0.0,"(512, 512, 345)","(512, 512, 10)"
mela_0868,val,1.6843256950378418,1.6685600280761719,0.015765666961669922,0.0,"(512, 512, 380)","(512, 512, 10)"
mela_0869,val,2.1237754821777344,2.107903480529785,0.01587200164794922,0.0,"(512, 512, 462)","(512, 512, 10)"
mela_0870,val,6.47540020942688,6.4435155391693115,0.03188467025756836,0.0,"(512, 512, 1591)","(512, 512, 10)"
mela_0871,val,1.4563298225402832,1.3450047969818115,0.11132502555847168,0.0,"(512, 512, 349)","(512, 512, 10)"
mela_0872,val,1.7794013023376465,1.75624418258667,0.023157119750976562,0.0,"(512, 512, 461)","(512, 512, 10)"
mela_0873,val,1.6416616439819336,1.6257057189941406,0.01595592498779297,0.0,"(512, 512, 428)","(512, 512, 10)"
mela_0874,val,2.124784469604492,2.1043033599853516,0.020481109619140625,0.0,"(512, 512, 392)","(512, 512, 10)"
mela_0875,val,2.3952624797821045,2.3794381618499756,0.015824317932128906,0.0,"(512, 512, 528)","(512, 512, 10)"
mela_0876,val,1.311739444732666,1.2641258239746094,0.031876564025878906,0.015737056732177734,"(512, 512, 283)","(512, 512, 10)"
mela_0877,val,2.2374444007873535,2.2174153327941895,0.018026351928710938,0.002002716064453125,"(512, 512, 451)","(512, 512, 10)"
mela_0878,val,2.427367687225342,2.3929083347320557,0.03310275077819824,0.0013566017150878906,"(512, 512, 296)","(512, 512, 10)"
mela_0879,val,3.2425038814544678,3.2215378284454346,0.014449357986450195,0.006516695022583008,"(512, 512, 488)","(512, 512, 10)"
mela_0880,val,2.3874096870422363,2.3557097911834717,0.03169989585876465,0.0,"(512, 512, 446)","(512, 512, 10)"
